{
    "mse": 0.7710534350351006,
    "r2": 0.2296217303333734
}